<?xml version='1.0' encoding='UTF-8'?>
<OrderRequest xmlns="http://iqconnect.genomichealth.com/api/partner/ordermanagement/v1/OrderRequest.xsd" messageInstanceId="e3546a3d-cc8f-481d-bf8a-60a0e61f6c2a" correlationId="179f0ca7-d35e-4922-a767-ac86a8236a34" origin="EXTPORTAL" destination="GHI" timestamp="2022-11-29T00:01:13.599561Z">
  <id xmlns="">US-61E4ED01</id>
  <identifiers xmlns="">
    <identifier xmlns="">
      <system xmlns="">SFDC</system>
      <value xmlns="">OR001829918</value>
      <assigner xmlns="">GHI</assigner>
    </identifier>
  </identifiers>
  <orderableType xmlns="">IBC</orderableType>
  <orderSubmittedDate xmlns="">2022-11-29</orderSubmittedDate>
  <orderCreatedDatetime xmlns="">2022-11-28T23:58:36.221Z</orderCreatedDatetime>
  <studyCode xmlns="">Study2</studyCode>
  <signatureDate xmlns="">2022-11-29</signatureDate>
  <specimenRetrievalOption xmlns="">GHI to Request</specimenRetrievalOption>
  <multiplePrimariesAvailable xmlns="">true</multiplePrimariesAvailable>
  <numberOfMultiplePrimaries xmlns="">2</numberOfMultiplePrimaries>
  <specimens xmlns="">
    <primarySpecimen xmlns="">
      <id xmlns="">551082</id>
      <identifiers xmlns="">
        <identifier xmlns="">
          <value xmlns="">Specimen ID #1</value>
          <assigner xmlns="">External</assigner>
        </identifier>
      </identifiers>
      <dateOfCollection xmlns="">2021-02-13</dateOfCollection>
    </primarySpecimen>
    <secondarySpecimen xmlns="">
      <id xmlns="">551083</id>
      <identifiers xmlns="">
        <identifier xmlns="">
          <value xmlns="">Specimen ID #2</value>
          <assigner xmlns="">External</assigner>
        </identifier>
      </identifiers>
      <dateOfCollection xmlns="">2021-02-12</dateOfCollection>
    </secondarySpecimen>
  </specimens>
  <specimenInstruction xmlns="">SpecimenComments2</specimenInstruction>
  <exceptionCriteria xmlns="">ExceptionCriteria2</exceptionCriteria>
  <billing xmlns="">
    <billingType xmlns="">Private Insurance</billingType>
    <primaryInsuranceName xmlns="">Allegiance Benefit Plan</primaryInsuranceName>
    <primaryInsuranceMemberId xmlns="">MID2</primaryInsuranceMemberId>
    <isPrimaryMedicalGroup xmlns="">true</isPrimaryMedicalGroup>
    <primaryMedicalGroupIPAName xmlns="">IPA2</primaryMedicalGroupIPAName>
    <primaryGroupNumber xmlns="">GN2</primaryGroupNumber>
    <primaryInsuranceAddress xmlns="">
      <addressLine xmlns="">MNA2</addressLine>
      <city xmlns="">Redwood City</city>
      <state xmlns="">NH</state>
      <postalCode xmlns="">85138</postalCode>
      <country xmlns="">US</country>
    </primaryInsuranceAddress>
    <primaryInsurancePhone xmlns="">+12012221125</primaryInsurancePhone>
    <primaryInsurancePriorAuthorizationNumber xmlns="">PAN2</primaryInsurancePriorAuthorizationNumber>
    <primaryInsuranceRelationToSubscriber xmlns="">Self</primaryInsuranceRelationToSubscriber>
    <secondaryBillingType xmlns="">Medicare</secondaryBillingType>
    <secondaryInsuranceName xmlns="">Aliera Health Care</secondaryInsuranceName>
    <secondaryInsuranceMemberId xmlns="">SMID2</secondaryInsuranceMemberId>
    <secondaryGroupNumber xmlns="">SGN2</secondaryGroupNumber>
    <secondaryInsuranceAddress xmlns="">
      <addressLine xmlns="">SMNA2</addressLine>
      <city xmlns="">Hanford</city>
      <state xmlns="">MT</state>
      <postalCode xmlns="">34824</postalCode>
      <country xmlns="">US</country>
    </secondaryInsuranceAddress>
    <secondaryInsurancePhone xmlns="">+12013336297</secondaryInsurancePhone>
    <secondaryInsurancePriorAuthorizationNumber xmlns="">SPAN2</secondaryInsurancePriorAuthorizationNumber>
    <secondaryInsuranceSubscriberFirstName xmlns="">SSFN2</secondaryInsuranceSubscriberFirstName>
    <secondaryInsuranceSubscriberLastName xmlns="">SSLN2</secondaryInsuranceSubscriberLastName>
    <secondaryInsuranceSubscriberDOB xmlns="">2021-02-09</secondaryInsuranceSubscriberDOB>
    <secondaryInsuranceSubscriberGender xmlns="">Female</secondaryInsuranceSubscriberGender>
    <secondaryInsuranceRelationToSubscriber xmlns="">Child</secondaryInsuranceRelationToSubscriber>
    <secondaryHospitalizationStatus xmlns="">InPatient</secondaryHospitalizationStatus>
    <secondaryDischargeDate xmlns="">2021-02-04</secondaryDischargeDate>
    <eligibilityPrimaryInsuranceName xmlns="">Allegiance Benefit Plan81040</eligibilityPrimaryInsuranceName>
    <eligibleStatus xmlns="">Not Run</eligibleStatus>
  </billing>
  <patient xmlns="">
    <id xmlns="">US-PT7009988C</id>
    <identifiers xmlns="">
      <identifier xmlns="">
        <type xmlns="">MRN</type>
        <value xmlns="">MRN2</value>
      </identifier>
    </identifiers>
    <name xmlns="">
      <family xmlns="">PTLN2</family>
      <given xmlns="">PTFN2</given>
      <middle xmlns="">PTMI2</middle>
    </name>
    <dob xmlns="">2012-11-28</dob>
    <gender xmlns="">Female</gender>
    <address xmlns="">
      <addressLine xmlns="">PTLN2_MNA1, PTLN2_MNA2</addressLine>
      <city xmlns="">PTLN2_MNCity</city>
      <state xmlns="">TX</state>
      <postalCode xmlns="">58982</postalCode>
      <country xmlns="">United States</country>
      <countryISOAlphaCode xmlns="">US</countryISOAlphaCode>
    </address>
    <phone xmlns="">+12015557706</phone>
    <alternatePhone xmlns="">+12015551390</alternatePhone>
  </patient>
  <orderCreator xmlns="">
    <id xmlns="">364110</id>
    <identifiers xmlns="">
      <identifier xmlns="">
        <system xmlns="">SFDC</system>
        <value xmlns="">CT1960632</value>
        <assigner xmlns="">GHI</assigner>
      </identifier>
    </identifiers>
    <portalId xmlns="">hhopkcr11_hpln1@online.genomichealth.com</portalId>
  </orderCreator>
  <ordering xmlns="">
    <practitioner xmlns="">
      <id xmlns="">1277</id>
      <identifiers xmlns="">
        <identifier xmlns="">
          <system xmlns="">SFDC</system>
          <value xmlns="">CT1960632</value>
          <assigner xmlns="">GHI</assigner>
        </identifier>
      </identifiers>
    </practitioner>
    <organization xmlns="">
      <id xmlns="">3097</id>
      <identifiers xmlns="">
        <identifier xmlns="">
          <system xmlns="">SFDC</system>
          <value xmlns="">CR195842</value>
          <assigner xmlns="">GHI</assigner>
        </identifier>
      </identifiers>
      <phone xmlns="">+12014442598</phone>
      <fax xmlns="">+12016665509</fax>
    </organization>
  </ordering>
  <specimenRetrieval xmlns="">
    <practitioner xmlns="">
      <id xmlns="">3097</id>
      <officeContactName xmlns="">Pathologist Contact2</officeContactName>
    </practitioner>
    <organization xmlns="">
      <id xmlns="">3097</id>
      <identifiers xmlns="">
        <identifier xmlns="">
          <system xmlns="">SFDC</system>
          <value xmlns="">CR195842</value>
          <assigner xmlns="">GHI</assigner>
        </identifier>
      </identifiers>
      <phone xmlns="">+12017777433</phone>
    </organization>
  </specimenRetrieval>
  <orderChannel xmlns="">Global Portal</orderChannel>
  <status xmlns="">Order Intake</status>
  <lineItems xmlns="">
    <lineItem xmlns="">
      <id xmlns="">US-OLI39AA1176</id>
      <test xmlns="">IBC</test>
      <specimenCriteriaGroup xmlns="">
        <specimenCriteria xmlns="">
          <name xmlns="">IBCERStatus</name>
          <value xmlns="">Positive</value>
        </specimenCriteria>
        <specimenCriteria xmlns="">
          <name xmlns="">PRStatus</name>
          <value xmlns="">PR Positive</value>
        </specimenCriteria>
        <specimenCriteria xmlns="">
          <name xmlns="">IBCNodalStatus</name>
          <value xmlns="">Node Negative</value>
        </specimenCriteria>
        <specimenCriteria xmlns="">
          <name xmlns="">IBCSubmittedHer2</name>
          <value xmlns="">Positive</value>
        </specimenCriteria>
        <specimenCriteria xmlns="">
          <name xmlns="">IsCandidateForAdjChemo</name>
          <value xmlns="">Yes</value>
        </specimenCriteria>
        <specimenCriteria xmlns="">
          <name xmlns="">TumorSize</name>
          <value xmlns="">0.1</value>
        </specimenCriteria>
      </specimenCriteriaGroup>
      <submittingDiagnosis xmlns="">PTLN2_SD</submittingDiagnosis>
      <icdCode xmlns="">C50.211</icdCode>
    </lineItem>
  </lineItems>
</OrderRequest>