<?xml version="1.0" encoding="UTF-8"?>
<Configuration status="WARN">
	<Appenders>
		<Console name="Console" target="SYSTEM_OUT">
			<PatternLayout pattern="%d{yyyy-MM-dd HH:mm:ss.SSS} [%t] %-5level %logger{36} - %msg%n" />
		</Console>
		<File name="File" fileName="c:\Users\arajoriya\Desktop\app.log">
			<PatternLayout pattern="%d{yyyy-MM-dd HH:mm:ss.SSS} [%t] %-5level %logger{36} - %msg%n" />
		</File>
	</Appenders>
	<Loggers>
		<Logger name="facebookautomation.tests" level="debug" additivity="false">
			<AppenderRef ref="File" />
		</Logger>
		<Root level="all">
			<AppenderRef ref="File" />
		</Root>
	</Loggers>
</Configuration>