{
  "" : {
    "transaction" : "",
    "sampleCount" : 2,
    "errorCount" : 0,
    "errorPct" : 0.0,
    "meanResTime" : 1208.5,
    "medianResTime" : 1208.5,
    "minResTime" : 1116.0,
    "maxResTime" : 1301.0,
    "pct1ResTime" : 1301.0,
    "pct2ResTime" : 1301.0,
    "pct3ResTime" : 1301.0,
    "throughput" : 1.2453300124533002,
    "receivedKBytesPerSec" : 8.436989220112078,
    "sentKBytesPerSec" : 2.1817598069738477
  },
  "ChangePassword" : {
    "transaction" : "ChangePassword",
    "sampleCount" : 2,
    "errorCount" : 1,
    "errorPct" : 50.0,
    "meanResTime" : 1183.0,
    "medianResTime" : 1183.0,
    "minResTime" : 1023.0,
    "maxResTime" : 1343.0,
    "pct1ResTime" : 1343.0,
    "pct2ResTime" : 1343.0,
    "pct3ResTime" : 1343.0,
    "throughput" : 1.215066828675577,
    "receivedKBytesPerSec" : 10.606916388213852,
    "sentKBytesPerSec" : 3.1509862925273393
  },
  "PasswordLink" : {
    "transaction" : "PasswordLink",
    "sampleCount" : 2,
    "errorCount" : 1,
    "errorPct" : 50.0,
    "meanResTime" : 1013.0,
    "medianResTime" : 1013.0,
    "minResTime" : 400.0,
    "maxResTime" : 1626.0,
    "pct1ResTime" : 1626.0,
    "pct2ResTime" : 1626.0,
    "pct3ResTime" : 1626.0,
    "throughput" : 1.2300123001230012,
    "receivedKBytesPerSec" : 6.287597055658057,
    "sentKBytesPerSec" : 1.1459294280442804
  },
  "BackHome" : {
    "transaction" : "BackHome",
    "sampleCount" : 2,
    "errorCount" : 0,
    "errorPct" : 0.0,
    "meanResTime" : 628.5,
    "medianResTime" : 628.5,
    "minResTime" : 620.0,
    "maxResTime" : 637.0,
    "pct1ResTime" : 637.0,
    "pct2ResTime" : 637.0,
    "pct3ResTime" : 637.0,
    "throughput" : 1.607717041800643,
    "receivedKBytesPerSec" : 8.28900597869775,
    "sentKBytesPerSec" : 0.7175065313504824
  },
  "-132" : {
    "transaction" : "-132",
    "sampleCount" : 2,
    "errorCount" : 0,
    "errorPct" : 0.0,
    "meanResTime" : 929.0,
    "medianResTime" : 929.0,
    "minResTime" : 317.0,
    "maxResTime" : 1541.0,
    "pct1ResTime" : 1541.0,
    "pct2ResTime" : 1541.0,
    "pct3ResTime" : 1541.0,
    "throughput" : 1.2978585334198571,
    "receivedKBytesPerSec" : 5.512730167099287,
    "sentKBytesPerSec" : 1.7395613643737833
  },
  "PasswordLink-0" : {
    "transaction" : "PasswordLink-0",
    "sampleCount" : 1,
    "errorCount" : 1,
    "errorPct" : 100.0,
    "meanResTime" : 291.0,
    "medianResTime" : 291.0,
    "minResTime" : 291.0,
    "maxResTime" : 291.0,
    "pct1ResTime" : 291.0,
    "pct2ResTime" : 291.0,
    "pct3ResTime" : 291.0,
    "throughput" : 3.4364261168384878,
    "receivedKBytesPerSec" : 1.869227878006873,
    "sentKBytesPerSec" : 2.1343427835051547
  },
  "-154" : {
    "transaction" : "-154",
    "sampleCount" : 2,
    "errorCount" : 0,
    "errorPct" : 0.0,
    "meanResTime" : 450.5,
    "medianResTime" : 450.5,
    "minResTime" : 306.0,
    "maxResTime" : 595.0,
    "pct1ResTime" : 595.0,
    "pct2ResTime" : 595.0,
    "pct3ResTime" : 595.0,
    "throughput" : 2.190580503833516,
    "receivedKBytesPerSec" : 11.034193592552025,
    "sentKBytesPerSec" : 1.9402895673603504
  },
  "PasswordLink-1" : {
    "transaction" : "PasswordLink-1",
    "sampleCount" : 1,
    "errorCount" : 1,
    "errorPct" : 100.0,
    "meanResTime" : 1334.0,
    "medianResTime" : 1334.0,
    "minResTime" : 1334.0,
    "maxResTime" : 1334.0,
    "pct1ResTime" : 1334.0,
    "pct2ResTime" : 1334.0,
    "pct3ResTime" : 1334.0,
    "throughput" : 0.7496251874062968,
    "receivedKBytesPerSec" : 3.0255868159670163,
    "sentKBytesPerSec" : 0.46558751874062965
  },
  "Home and Logout" : {
    "transaction" : "Home and Logout",
    "sampleCount" : 2,
    "errorCount" : 0,
    "errorPct" : 0.0,
    "meanResTime" : 1079.0,
    "medianResTime" : 1079.0,
    "minResTime" : 926.0,
    "maxResTime" : 1232.0,
    "pct1ResTime" : 1232.0,
    "pct2ResTime" : 1232.0,
    "pct3ResTime" : 1232.0,
    "throughput" : 1.2903225806451613,
    "receivedKBytesPerSec" : 13.152091733870968,
    "sentKBytesPerSec" : 1.71875
  },
  "-145-1" : {
    "transaction" : "-145-1",
    "sampleCount" : 2,
    "errorCount" : 0,
    "errorPct" : 0.0,
    "meanResTime" : 360.5,
    "medianResTime" : 360.5,
    "minResTime" : 308.0,
    "maxResTime" : 413.0,
    "pct1ResTime" : 413.0,
    "pct2ResTime" : 413.0,
    "pct3ResTime" : 413.0,
    "throughput" : 2.7739251040221915,
    "receivedKBytesPerSec" : 11.018496445908461,
    "sentKBytesPerSec" : 1.8393507281553398
  },
  "-146-0" : {
    "transaction" : "-146-0",
    "sampleCount" : 1,
    "errorCount" : 0,
    "errorPct" : 0.0,
    "meanResTime" : 301.0,
    "medianResTime" : 301.0,
    "minResTime" : 301.0,
    "maxResTime" : 301.0,
    "pct1ResTime" : 301.0,
    "pct2ResTime" : 301.0,
    "pct3ResTime" : 301.0,
    "throughput" : 3.3222591362126246,
    "receivedKBytesPerSec" : 1.8071272840531563,
    "sentKBytesPerSec" : 2.073167566445183
  },
  "-137" : {
    "transaction" : "-137",
    "sampleCount" : 2,
    "errorCount" : 0,
    "errorPct" : 0.0,
    "meanResTime" : 453.5,
    "medianResTime" : 453.5,
    "minResTime" : 295.0,
    "maxResTime" : 612.0,
    "pct1ResTime" : 612.0,
    "pct2ResTime" : 612.0,
    "pct3ResTime" : 612.0,
    "throughput" : 3.257328990228013,
    "receivedKBytesPerSec" : 13.870686583876221,
    "sentKBytesPerSec" : 3.047383957654723
  },
  "-145-0" : {
    "transaction" : "-145-0",
    "sampleCount" : 2,
    "errorCount" : 0,
    "errorPct" : 0.0,
    "meanResTime" : 304.5,
    "medianResTime" : 304.5,
    "minResTime" : 302.0,
    "maxResTime" : 307.0,
    "pct1ResTime" : 307.0,
    "pct2ResTime" : 307.0,
    "pct3ResTime" : 307.0,
    "throughput" : 3.278688524590164,
    "receivedKBytesPerSec" : 1.7866290983606559,
    "sentKBytesPerSec" : 3.2594774590163933
  },
  "-139" : {
    "transaction" : "-139",
    "sampleCount" : 2,
    "errorCount" : 0,
    "errorPct" : 0.0,
    "meanResTime" : 308.0,
    "medianResTime" : 308.0,
    "minResTime" : 300.0,
    "maxResTime" : 316.0,
    "pct1ResTime" : 316.0,
    "pct2ResTime" : 316.0,
    "pct3ResTime" : 316.0,
    "throughput" : 3.2310177705977385,
    "receivedKBytesPerSec" : 0.6752322294022617,
    "sentKBytesPerSec" : 2.268654079159935
  },
  "-146-1" : {
    "transaction" : "-146-1",
    "sampleCount" : 1,
    "errorCount" : 0,
    "errorPct" : 0.0,
    "meanResTime" : 321.0,
    "medianResTime" : 321.0,
    "minResTime" : 321.0,
    "maxResTime" : 321.0,
    "pct1ResTime" : 321.0,
    "pct2ResTime" : 321.0,
    "pct3ResTime" : 321.0,
    "throughput" : 3.115264797507788,
    "receivedKBytesPerSec" : 12.570580218068535,
    "sentKBytesPerSec" : 1.9439982476635513
  },
  "Login" : {
    "transaction" : "Login",
    "sampleCount" : 2,
    "errorCount" : 1,
    "errorPct" : 50.0,
    "meanResTime" : 4624.5,
    "medianResTime" : 4624.5,
    "minResTime" : 4598.0,
    "maxResTime" : 4651.0,
    "pct1ResTime" : 4651.0,
    "pct2ResTime" : 4651.0,
    "pct3ResTime" : 4651.0,
    "throughput" : 0.40807998367680065,
    "receivedKBytesPerSec" : 7.654090045398899,
    "sentKBytesPerSec" : 1.8357621531320139
  },
  "-145" : {
    "transaction" : "-145",
    "sampleCount" : 2,
    "errorCount" : 1,
    "errorPct" : 50.0,
    "meanResTime" : 666.0,
    "medianResTime" : 666.0,
    "minResTime" : 611.0,
    "maxResTime" : 721.0,
    "pct1ResTime" : 721.0,
    "pct2ResTime" : 721.0,
    "pct3ResTime" : 721.0,
    "throughput" : 1.953125,
    "receivedKBytesPerSec" : 8.822441101074219,
    "sentKBytesPerSec" : 3.2367706298828125
  },
  "-125" : {
    "transaction" : "-125",
    "sampleCount" : 2,
    "errorCount" : 0,
    "errorPct" : 0.0,
    "meanResTime" : 580.5,
    "medianResTime" : 580.5,
    "minResTime" : 558.0,
    "maxResTime" : 603.0,
    "pct1ResTime" : 603.0,
    "pct2ResTime" : 603.0,
    "pct3ResTime" : 603.0,
    "throughput" : 2.0060180541624875,
    "receivedKBytesPerSec" : 12.752123558174524,
    "sentKBytesPerSec" : 0.7483387662988967
  },
  "-132-0" : {
    "transaction" : "-132-0",
    "sampleCount" : 1,
    "errorCount" : 0,
    "errorPct" : 0.0,
    "meanResTime" : 301.0,
    "medianResTime" : 301.0,
    "minResTime" : 301.0,
    "maxResTime" : 301.0,
    "pct1ResTime" : 301.0,
    "pct2ResTime" : 301.0,
    "pct3ResTime" : 301.0,
    "throughput" : 3.3222591362126246,
    "receivedKBytesPerSec" : 1.8136160714285714,
    "sentKBytesPerSec" : 3.390391403654485
  },
  "-154-1" : {
    "transaction" : "-154-1",
    "sampleCount" : 1,
    "errorCount" : 0,
    "errorPct" : 0.0,
    "meanResTime" : 317.0,
    "medianResTime" : 317.0,
    "minResTime" : 317.0,
    "maxResTime" : 317.0,
    "pct1ResTime" : 317.0,
    "pct2ResTime" : 317.0,
    "pct3ResTime" : 317.0,
    "throughput" : 3.1545741324921135,
    "receivedKBytesPerSec" : 12.153120070977918,
    "sentKBytesPerSec" : 1.8668671135646688
  },
  "-132-1" : {
    "transaction" : "-132-1",
    "sampleCount" : 1,
    "errorCount" : 0,
    "errorPct" : 0.0,
    "meanResTime" : 1237.0,
    "medianResTime" : 1237.0,
    "minResTime" : 1237.0,
    "maxResTime" : 1237.0,
    "pct1ResTime" : 1237.0,
    "pct2ResTime" : 1237.0,
    "pct3ResTime" : 1237.0,
    "throughput" : 0.8084074373484236,
    "receivedKBytesPerSec" : 3.1096844684721097,
    "sentKBytesPerSec" : 0.5344646827000809
  },
  "-146" : {
    "transaction" : "-146",
    "sampleCount" : 2,
    "errorCount" : 0,
    "errorPct" : 0.0,
    "meanResTime" : 517.0,
    "medianResTime" : 517.0,
    "minResTime" : 412.0,
    "maxResTime" : 622.0,
    "pct1ResTime" : 622.0,
    "pct2ResTime" : 622.0,
    "pct3ResTime" : 622.0,
    "throughput" : 1.932367149758454,
    "receivedKBytesPerSec" : 8.13990791062802,
    "sentKBytesPerSec" : 1.808763586956522
  },
  "-154-0" : {
    "transaction" : "-154-0",
    "sampleCount" : 1,
    "errorCount" : 0,
    "errorPct" : 0.0,
    "meanResTime" : 277.0,
    "medianResTime" : 277.0,
    "minResTime" : 277.0,
    "maxResTime" : 277.0,
    "pct1ResTime" : 277.0,
    "pct2ResTime" : 277.0,
    "pct3ResTime" : 277.0,
    "throughput" : 3.6101083032490977,
    "receivedKBytesPerSec" : 2.065940884476534,
    "sentKBytesPerSec" : 2.1293998194945845
  },
  "Total" : {
    "transaction" : "Total",
    "sampleCount" : 38,
    "errorCount" : 4,
    "errorPct" : 10.526316,
    "meanResTime" : 592.3684210526318,
    "medianResTime" : 363.5,
    "minResTime" : 256.0,
    "maxResTime" : 2046.0,
    "pct1ResTime" : 1549.5000000000002,
    "pct2ResTime" : 1808.4999999999993,
    "pct3ResTime" : 2046.0,
    "throughput" : 4.476381199198964,
    "receivedKBytesPerSec" : 14.194495265932382,
    "sentKBytesPerSec" : 3.565390689421604
  },
  "-137-1" : {
    "transaction" : "-137-1",
    "sampleCount" : 1,
    "errorCount" : 0,
    "errorPct" : 0.0,
    "meanResTime" : 342.0,
    "medianResTime" : 342.0,
    "minResTime" : 342.0,
    "maxResTime" : 342.0,
    "pct1ResTime" : 342.0,
    "pct2ResTime" : 342.0,
    "pct3ResTime" : 342.0,
    "throughput" : 2.923976608187134,
    "receivedKBytesPerSec" : 11.798702485380115,
    "sentKBytesPerSec" : 1.8217744883040934
  },
  "-127" : {
    "transaction" : "-127",
    "sampleCount" : 2,
    "errorCount" : 0,
    "errorPct" : 0.0,
    "meanResTime" : 343.5,
    "medianResTime" : 343.5,
    "minResTime" : 302.0,
    "maxResTime" : 385.0,
    "pct1ResTime" : 385.0,
    "pct2ResTime" : 385.0,
    "pct3ResTime" : 385.0,
    "throughput" : 2.890173410404624,
    "receivedKBytesPerSec" : 0.6040010838150289,
    "sentKBytesPerSec" : 1.9926390895953758
  },
  "-126" : {
    "transaction" : "-126",
    "sampleCount" : 2,
    "errorCount" : 0,
    "errorPct" : 0.0,
    "meanResTime" : 284.5,
    "medianResTime" : 284.5,
    "minResTime" : 256.0,
    "maxResTime" : 313.0,
    "pct1ResTime" : 313.0,
    "pct2ResTime" : 313.0,
    "pct3ResTime" : 313.0,
    "throughput" : 3.552397868561279,
    "receivedKBytesPerSec" : 0.7423956483126111,
    "sentKBytesPerSec" : 2.4492118117229134
  },
  "-128" : {
    "transaction" : "-128",
    "sampleCount" : 2,
    "errorCount" : 0,
    "errorPct" : 0.0,
    "meanResTime" : 1921.0,
    "medianResTime" : 1921.0,
    "minResTime" : 1796.0,
    "maxResTime" : 2046.0,
    "pct1ResTime" : 2046.0,
    "pct2ResTime" : 2046.0,
    "pct3ResTime" : 2046.0,
    "throughput" : 0.9775171065493646,
    "receivedKBytesPerSec" : 4.818853861192571,
    "sentKBytesPerSec" : 0.5756277492668622
  },
  "-137-0" : {
    "transaction" : "-137-0",
    "sampleCount" : 1,
    "errorCount" : 0,
    "errorPct" : 0.0,
    "meanResTime" : 269.0,
    "medianResTime" : 269.0,
    "minResTime" : 269.0,
    "maxResTime" : 269.0,
    "pct1ResTime" : 269.0,
    "pct2ResTime" : 269.0,
    "pct3ResTime" : 269.0,
    "throughput" : 3.717472118959108,
    "receivedKBytesPerSec" : 2.0221015334572487,
    "sentKBytesPerSec" : 2.3197897304832713
  }
}