<?xml version="1.0" encoding="UTF-8"?>
<!DOCTYPE suite SYSTEM "https://testng.org/testng-1.0.dtd">
<suite parallel = "tests" name="Suite">
	
	<listeners>
		<listener class-name="facebookautomation.testComponents.Listeners">
			
		</listener>
	</listeners>
  <test thread-count="5" name="CreateStoryTest">
    <classes>
      <class name="facebookautomation.tests.CreateStoryTest"/>
    </classes>
  </test> <!-- Test -->
  
    <test thread-count="5" name="FriendsListTest">
    <classes>
      <class name="facebookautomation.tests.FriendsListTest"/>
    </classes>
  </test> <!-- Test -->
  
    <test thread-count="5" name="LoginErrorValidationTest">
    <classes>
      <class name="facebookautomation.tests.LoginErrorValidationTest"/>
    </classes>
  </test> <!-- Test -->
  
    <test thread-count="5" name="SignUpTest">
    <classes>
      <class name="facebookautomation.tests.SignUpTest"/>
    </classes>
  </test> <!-- Test -->
  
</suite> <!-- Suite -->
