<?xml version="1.0" encoding="UTF-8"?>
<!DOCTYPE suite SYSTEM "https://testng.org/testng-1.0.dtd">
<suite name="Suite">
	<listeners>
		<listener class-name="facebookautomation.testComponents.Listeners">
			
		</listener>
	</listeners>
  <test thread-count="5" name="Test">
    <classes>
      <class name="facebookautomation.tests.FacebookLoginTest"/>
      <class name="facebookautomation.tests.LoginErrorValidationTest"/>
    </classes>
  </test> <!-- Test -->
</suite> <!-- Suite -->
