<?xml version="1.0" encoding="UTF-8"?>
<!DOCTYPE suite SYSTEM "https://testng.org/testng-1.0.dtd">
<suite name="SitecoreCologuardSuite">
	<test thread-count="1" name="SitecoreCologuardSuite">
		<classes>
			<class name="exact.ath.sitecore.cologuard.CologuardHomepageVerificationsTest" />
		  	<class name="exact.ath.sitecore.cologuard.CologuardInsuranceAndBillingTest" />
			<class name="exact.ath.sitecore.cologuard.HowToGetCologuardTest" />
			<class name="exact.ath.sitecore.cologuard.CGAffordablePageTest" />
			<class name="exact.ath.sitecore.cologuard.CGStartScreeningAt45PageTest" />
			<class name="exact.ath.sitecore.cologuard.AboutScreeningTest" />
			<class name="exact.ath.sitecore.cologuard.CGFAQsPageTest" />
			<class name="exact.ath.sitecore.cologuard.CGEffectiveAndEasyPageTest" />
			<class name="exact.ath.sitecore.cologuard.CollectingAndReturningYourSamplesTest" />
			<class name="exact.ath.sitecore.cologuard.CologuardFooterTest" />
			<class name="exact.ath.sitecore.cologuard.WhyCologuardTest" />
			<class name="exact.ath.sitecore.cologuard.CologuardVideoTest" />
			<class name="exact.ath.sitecore.cologuard.CGUseCologuardTest" /> 
		</classes>
	</test>
	<listeners>
		<listener class-name="exact.util.listeners.TestListener"></listener>
	</listeners>
</suite>
