<?xml version="1.0" encoding="UTF-8"?>
<!DOCTYPE suite SYSTEM "https://testng.org/testng-1.0.dtd">
<suite name="SitecoreProductsiteSuite">
	<test thread-count="1" name="SitecoreProductsiteSuite">
		<classes>
			<class name="exact.ath.sitecore.productsite.ProductsiteHomepageVerificationsTest" />	
			<class name="exact.ath.sitecore.productsite.ProductsiteHealthcareProvidersSectionVerificationsTest" />
			<class name="exact.ath.sitecore.productsite.ProductsitePatientsAndCaregiversSectionVerificationsTest" />	
		    <class name="exact.ath.sitecore.productsite.ProductsiteBillingAndCoverageVerificationsTest" />	
		    <class name="exact.ath.sitecore.productsite.ProductsiteAboutUsVerificationsTest" />	
		    <class name="exact.ath.sitecore.productsite.ProductsiteContactUsVerificationsTest" />
		    <class name="exact.ath.sitecore.productsite.ProductsiteFooterVerificationsTest" />	
		    <class name="exact.ath.sitecore.productsite.ProductsiteVideoVerificationsTest" /> 
		
		</classes>
	</test>
</suite>
