<?xml version="1.0" encoding="UTF-8"?>
<!DOCTYPE suite SYSTEM "https://testng.org/testng-1.0.dtd">
<suite name="SitecoreRegressionSuite">
	<test thread-count="1" name="SitecoreRegressionSuite">
		<classes>
			<class name="exact.ath.sitecore.annualReport.AnnualReportsPageTest" />
		    <class name="exact.ath.sitecore.career.CareerHomePageTest" />
			<class name="exact.ath.sitecore.career.CareerWhyExactSciencesTest" />
			<class name="exact.ath.sitecore.career.CareerLifeAtExactTest" />
			<class name="exact.ath.sitecore.career.CareerLocationsTest" />
			<class name="exact.ath.sitecore.career.CareerBenefitsTest" />
			<class name="exact.ath.sitecore.career.CareerCurrentOpeningsTest" />
			<class name="exact.ath.sitecore.career.CareerFooterTest" />
			<class name="exact.ath.sitecore.career.CareerVideoTest" />
			<class name="exact.ath.sitecore.corporate.CorporateHomePageTest" />
			<class name="exact.ath.sitecore.corporate.CorporateAboutPageTest" />
			<class name="exact.ath.sitecore.corporate.CorporateNewsroomPageTest" />
			<class name="exact.ath.sitecore.corporate.CorporatePipelineDataPageTest" />
			<class name="exact.ath.sitecore.corporate.CorporateFooterTest" />
			<class name="exact.ath.sitecore.corporate.CorporateOurTestsPageTest" />
			<class name="exact.ath.sitecore.corporate.CorporateVideoTest" />
			<class name="exact.ath.sitecore.corporateUk.CorporateUkHomePageVerificationsTest" />
			<class name="exact.ath.sitecore.corporateUk.CorporateUkAboutUsPageTest" />
			<class name="exact.ath.sitecore.corporateUk.CorporateUkOurProductPageTest" />
			<class name="exact.ath.sitecore.corporateUk.CorporateUkPressRoomPageTest" />
			<class name="exact.ath.sitecore.corporateUk.CorporateUkFooterTest" />
			<class name="exact.ath.sitecore.csr.CsrCtoECPageTest" />
			<class name="exact.ath.sitecore.csr.CsrCiAndCrPageTest" />
			<class name="exact.ath.sitecore.csr.CsrCmnEngPageTest" />
			<class name="exact.ath.sitecore.csr.CsrSustainabilityPageTest" />
			<class name="exact.ath.sitecore.csr.CsrFooterTest" />
			<class name="exact.ath.sitecore.csr.CsrVideoTest" />
			<class name="exact.ath.sitecore.labs.LabsHomePageTest" />
			<class name="exact.ath.sitecore.labs.LabsClientPageTest" />
			<class name="exact.ath.sitecore.labs.LabsQualityPageTest" />
			<class name="exact.ath.sitecore.labs.LabsAboutPageTest" />
			<class name="exact.ath.sitecore.labs.LabsFooterTest" />
			<class name="exact.ath.sitecore.ogl.OglHomePageVerificationsTest" />
			<class name="exact.ath.sitecore.ogl.OglProvidersHeaderTest" />
			<class name="exact.ath.sitecore.ogl.OglPatientsHeaderTest" />
			<class name="exact.ath.sitecore.ogl.OglEducationPageTest" />
			<class name="exact.ath.sitecore.ogl.OglResourcePageTest" />
			<class name="exact.ath.sitecore.ogl.OglContactUsPageTest" />
			<class name="exact.ath.sitecore.ogl.OglFooterTest" />
			<class name="exact.ath.sitecore.ogl.OglVideoTest" />
			<class name="exact.ath.sitecore.oiq.enCH.OiqCHHomePageTest" />
			<class name="exact.ath.sitecore.oiq.enCH.OiqCHFrenchPageTest" />
			<class name="exact.ath.sitecore.oiq.enCH.OiqCHGermanPageTest" />
			<class name="exact.ath.sitecore.oiq.enCH.OiqCHReimbursementPageTest" />
			<class name="exact.ath.sitecore.oiq.enCH.OiqCHContactUsPageTest" />
			<class name="exact.ath.sitecore.productsite.ProductsiteHomepageVerificationsTest" />	
			<class name="exact.ath.sitecore.productsite.ProductsiteHealthcareProvidersSectionVerificationsTest" />
			<class name="exact.ath.sitecore.productsite.ProductsitePatientsAndCaregiversSectionVerificationsTest" />	
		    <class name="exact.ath.sitecore.productsite.ProductsiteBillingAndCoverageVerificationsTest" />	
		    <class name="exact.ath.sitecore.productsite.ProductsiteAboutUsVerificationsTest" />	
		    <class name="exact.ath.sitecore.productsite.ProductsiteContactUsVerificationsTest" />
		    <class name="exact.ath.sitecore.productsite.ProductsiteFooterVerificationsTest" />	
		    <class name="exact.ath.sitecore.productsite.ProductsiteVideoVerificationsTest" /> 
		</classes>
	</test>
	<listeners>
		<listener class-name="exact.util.listeners.TestListener"></listener>
	</listeners>
</suite>
