<?xml version="1.0" encoding="UTF-8"?>
<!DOCTYPE suite SYSTEM "https://testng.org/testng-1.0.dtd">
<suite name="SitecoreSuite">
<test thread-count="1" name="SitecoreSuite">
<parameter name="DbrowserType" value="Chrome" />
<parameter name="DjenkinsFilesPath" value="\\fileshare\Applications\ATH\Quality Engineering\Development\Automation\Patient Hub" />
<parameter name="jenkinsEnvironment" value="Development" />
<parameter name="exactURL" value="${exactURL}" />
<classes>

<class name="exact.ath.sitecore.WorkflowToBeExecute" />
</classes>
</test>
</suite>
